{"ICC WT20/ICC WT20 Scotland vs Afghanistan Highlights.avi": {"scores": [295.8170337677002, 446.98933017253876, 0, 1.3909555673599243, 0.9131757020950317, 177.26538980007172, 161.43407708406448, 4.486570775508881, 4.303873300552368, 0, 99.78609681129456, 88.79231202602386, 149.0878369808197, 1.7090813517570496, 0, 1.7383345365524292, 0, 0, 169.23969250917435, 0, 306.5046354532242, 56.41317266225815, 0, 27.339602649211884, 0, 130.6914318203926, 325.65905755758286, 126.85085082054138, 127.70195090770721, 10.696543395519257, 10.10125482082367, 0, 0.5603290796279907], "segments": [[58, 356], [394, 847], [858, 858], [880, 882], [886, 887], [918, 1097], [1142, 1305], [1310, 1316], [1319, 1325], [1335, 1335], [1363, 1470], [1514, 1603], [1772, 1947], [2066, 2068], [2071, 2071], [2079, 2081], [2092, 2092], [2097, 2097], [2121, 2293], [2324, 2324], [2632, 2942], [2981, 3040], [3073, 3073], [3156, 3185], [3190, 3190], [3194, 3352], [3526, 3856], [3873, 4005], [4036, 4170], [4176, 4193], [4219, 4230], [4233, 4233], [4236, 4237]]}, "ICC WT20/ICC WT20 Ireland vs Oman Highlights.avi": {"scores": [767.0424695014954, 0, 233.69213163852692, 0, 122.33135271072388, 385.48883843421936, 158.700153529644, 180.22099727392197, 180.23191565275192, 78.54916149377823, 135.89062994718552, 215.18770241737366, 303.5074445605278, 0], "segments": [[99, 877], [879, 879], [903, 1144], [1147, 1147], [1152, 1278], [1444, 1834], [2077, 2239], [2278, 2462], [2484, 2667], [2774, 2854], [3063, 3201], [3250, 3466], [3678, 3986], [4058, 4058]]}, "ICC WT20/ICC WT20 Ireland v Oman Match Highlights.avi": {"scores": [251.80561286211014, 0, 218.47495257854462, 168.14845818281174, 79.38104677200317, 207.79167872667313, 0, 206.9639447927475, 0, 0.9502798914909363, 4.5954620242118835, 0, 370.4631675481796, 72.88202887773514, 9.817623913288116, 117.33769154548645, 193.72830563783646, 5.933885097503662, 73.98714923858643, 72.47112339735031, 228.01405626535416, 46.25113362073898, 27.971725821495056, 11.384463846683502, 3.5543750524520874, 104.86291086673737, 0, 27.324255168437958, 0, 70.68934094905853, 63.9525243639946, 0.766804039478302], "segments": [[89, 343], [361, 361], [428, 648], [790, 960], [1009, 1089], [1212, 1421], [1466, 1466], [1607, 1819], [1879, 1879], [1881, 1882], [1887, 1894], [1897, 1897], [2293, 2670], [2893, 2969], [2993, 3005], [3073, 3191], [3249, 3446], [3462, 3472], [3480, 3556], [3559, 3635], [3666, 3895], [3961, 4008], [4020, 4053], [4056, 4073], [4075, 4080], [4197, 4305], [4310, 4310], [4313, 4350], [4352, 4352], [4358, 4431], [4458, 4526], [4628, 4629]]}, "ICC WT20/ICC WT20 New Zealand vs Pakistan - Match Highlights.avi": {"scores": [433.7310893535614, 32.254536151885986, 15.083270967006683, 0, 0, 38.26387470960617, 0, 143.10305726528168, 122.8696917295456, 45.055175840854645, 0.5391862988471985, 0, 0.5949843525886536, 1.3628053069114685, 10.72345358133316, 32.80532759428024, 84.33747833967209, 168.64743781089783, 214.84447211027145, 98.92647397518158, 0, 40.827681481838226, 69.2712732553482, 17.725826680660248, 1.2223748564720154, 0, 0, 0, 0, 0, 10.224178075790405, 97.6660168170929, 402.0525968670845, 179.8092524409294, 17.30693542957306, 0, 0, 109.23135137557983, 290.1825728416443, 1.3575928807258606, 18.355121791362762, 17.26429408788681, 1.8905352354049683, 72.2974928021431, 5.048046112060547, 5.572758436203003, 100.78758037090302, 5.167621433734894, 22.1679407954216], "segments": [[99, 555], [557, 592], [594, 611], [614, 614], [616, 616], [618, 658], [668, 668], [740, 884], [923, 1048], [1051, 1107], [1109, 1110], [1112, 1112], [1114, 1115], [1121, 1123], [1125, 1141], [1159, 1195], [1282, 1367], [1429, 1599], [1637, 1859], [1948, 2049], [2073, 2073], [2093, 2134], [2137, 2219], [2249, 2268], [2270, 2272], [2284, 2284], [2286, 2286], [2293, 2293], [2298, 2298], [2318, 2318], [2527, 2538], [2542, 2643], [2645, 3074], [3087, 3268], [3297, 3315], [3319, 3319], [3329, 3329], [3335, 3447], [3488, 3783], [3787, 3789], [3811, 3830], [3832, 3852], [3854, 3857], [3883, 3968], [3970, 3976], [3983, 3989], [4009, 4136], [4142, 4151], [4156, 4188]]}, "ICC WT20/ICC WT20 Netherlands vs Ireland Match Highlights.avi": {"scores": [505.0949355959892, 0, 267.5470789074898, 760.8115112781525, 0, 0, 135.83108711242676, 20.60722464323044, 0, 2.584682285785675, 1.600902497768402, 111.50108420848846, 62.248728930950165, 0.8486080765724182, 1.642394781112671, 0, 157.0072238445282, 2.2418184876441956, 0, 0, 0.8775762915611267, 301.12805730104446, 123.32980006933212, 5.7054256200790405, 2.6539974212646484, 73.6968150138855, 64.6514003276825, 0, 116.17586600780487, 173.80226063728333, 84.19174140691757, 56.72495394945145], "segments": [[99, 610], [612, 612], [639, 911], [940, 1710], [1717, 1717], [1730, 1730], [1798, 1935], [1951, 1976], [2045, 2045], [2047, 2051], [2059, 2061], [2347, 2461], [2477, 2540], [2545, 2546], [2548, 2551], [2553, 2553], [2656, 2815], [2820, 2823], [2825, 2825], [2843, 2843], [2847, 2848], [2850, 3171], [3185, 3313], [3315, 3323], [3342, 3347], [3416, 3493], [3505, 3581], [3603, 3603], [3678, 3795], [3836, 4013], [4016, 4103], [4206, 4267]]}}