{"ICC WT20/ICC WT20 Scotland vs Afghanistan Highlights.avi": {"scores": [292.9175362586975, 417.6450879573822, 21.746780037879944, 178.76454877853394, 150.89159709215164, 92.85571694374084, 88.96607840061188, 174.89469707012177, 1.9224635362625122, 14.299919486045837, 0, 0, 2.828428268432617, 0, 170.76320672035217, 159.8173331618309, 145.91442078351974, 91.91983872652054, 0, 191.38688457012177, 297.84698563814163, 20.926085710525513, 132.92460572719574, 131.80849516391754, 6.897728383541107], "segments": [[57, 350], [393, 811], [823, 846], [917, 1096], [1141, 1292], [1362, 1455], [1513, 1602], [1771, 1946], [2065, 2067], [2070, 2085], [2087, 2087], [2089, 2089], [2091, 2094], [2096, 2096], [2120, 2291], [2632, 2792], [2794, 2940], [2980, 3072], [3157, 3157], [3159, 3351], [3525, 3823], [3833, 3854], [3872, 4005], [4037, 4169], [4222, 4229]]}, "ICC WT20/ICC WT20 New Zealand vs Pakistan - Match Highlights.avi": {"scores": [36.94213044643402, 111.31492340564728, 73.58397084474564, 64.60561549663544, 120.93974143266678, 11.74703460931778, 1.9526796340942383, 61.679097175598145, 35.861567199230194, 141.8061032295227, 120.87333190441132, 37.324957966804504, 0, 28.111391067504883, 84.94115948677063, 169.91562193632126, 221.72333651781082, 97.94671767950058, 40.989451229572296, 79.90277171134949, 17.760332345962524, 0.9611270427703857, 0, 4.615064978599548, 3.7737998366355896, 737.1346316933632, 148.76712346076965, 294.4750097990036, 0, 4.791506826877594, 158.39483761787415, 151.3973097205162, 0.9311605095863342], "segments": [[98, 135], [138, 250], [260, 334], [340, 405], [407, 528], [533, 545], [552, 554], [556, 618], [621, 657], [739, 881], [926, 1047], [1051, 1089], [1091, 1091], [1165, 1194], [1281, 1366], [1428, 1598], [1636, 1858], [1947, 2045], [2092, 2133], [2138, 2218], [2249, 2267], [2270, 2271], [2309, 2309], [2313, 2318], [2320, 2324], [2528, 3266], [3296, 3445], [3487, 3782], [3784, 3784], [3786, 3791], [3810, 3969], [3983, 4135], [4176, 4177]]}, "ICC WT20/ICC WT20 Ireland v Oman Match Highlights.avi": {"scores": [113.86437809467316, 126.44187605381012, 5.921923995018005, 214.8818222284317, 168.91756945848465, 79.93881672620773, 208.87599992752075, 201.7475671172142, 128.85450172424316, 233.8333449959755, 72.773069024086, 0, 50.78212207555771, 117.87270730733871, 197.83839988708496, 92.07308679819107, 59.872067630290985, 223.93556988239288, 118.58668529987335, 105.68687480688095, 4.739137589931488, 12.628584444522858, 1.8326944708824158, 63.98076581954956, 66.59535998106003], "segments": [[88, 202], [204, 331], [333, 339], [427, 642], [789, 958], [1008, 1088], [1211, 1420], [1606, 1808], [2292, 2421], [2423, 2657], [2895, 2968], [2992, 2992], [2994, 3045], [3072, 3190], [3250, 3448], [3463, 3556], [3558, 3618], [3666, 3890], [3961, 4080], [4196, 4302], [4320, 4325], [4330, 4343], [4345, 4347], [4357, 4421], [4458, 4525]]}, "ICC WT20/ICC WT20 Netherlands vs Ireland Match Highlights.avi": {"scores": [509.5530940294266, 270.5470641255379, 993.3099009394646, 117.8025706410408, 336.23172104358673, 0, 321.26319032907486, 170.55668491125107, 165.87148839235306, 116.96440315246582, 266.72784239053726, 61.969739735126495], "segments": [[98, 608], [639, 910], [939, 1934], [2346, 2464], [2476, 2813], [2847, 2847], [2849, 3171], [3184, 3355], [3415, 3581], [3677, 3794], [3835, 4102], [4205, 4267]]}, "ICC WT20/ICC WT20 Ireland vs Oman Highlights.avi": {"scores": [176.93162554502487, 350.37428736686707, 9.19995665550232, 167.76753282546997, 221.91265910863876, 41.6583908200264, 95.5915539264679, 380.6472067832947, 380.93979585170746, 176.873208463192, 79.93515622615814, 137.91420167684555, 214.92985785007477, 309.69199258089066], "segments": [[98, 275], [278, 629], [673, 683], [691, 859], [902, 1124], [1134, 1176], [1178, 1274], [1443, 1824], [2076, 2458], [2484, 2661], [2773, 2853], [3062, 3200], [3250, 3465], [3677, 3987]]}}