{"ICC WT20/ICC WT20 Scotland vs Zimbabwe Highlights.avi": {"scores": [164.03158605098724, 134.97301584482193, 3.917321801185608, 352.76687866449356, 100.84650719165802, 148.8814006447792, 119.91878420114517, 26.7076495885849, 258.86624401807785, 105.95056229829788, 1.8573341965675354, 104.77487808465958, 78.82513874769211, 5.81068742275238, 104.49147027730942, 135.53896927833557, 3.8342631459236145, 91.89199829101562, 253.8060786128044, 63.6906960606575, 11.475123643875122, 244.95733273029327, 165.90469825267792, 0, 81.97071075439453], "segments": [[98, 263], [294, 429], [435, 439], [488, 841], [922, 1023], [1145, 1294], [1330, 1450], [1458, 1485], [1528, 1787], [1832, 1938], [2041, 2043], [2200, 2305], [2382, 2461], [2465, 2471], [2546, 2651], [2680, 2816], [2860, 2864], [2945, 3037], [3081, 3335], [3369, 3433], [3441, 3453], [3484, 3729], [3793, 3959], [3962, 3962], [4023, 4105]]}, "ICC WT20/ICC WT20 South Africa v Sri Lanka - Match Highlights.avi": {"scores": [362.76100277900696, 75.85166984796524, 96.71922773122787, 95.91222006082535, 67.77330815792084, 73.88171863555908, 99.89080953598022, 84.91748005151749, 65.96145349740982, 73.9255942106247, 0, 11.404292583465576, 3.692763388156891, 0.9189625382423401, 204.62540102005005, 0.9529299736022949, 2.904372811317444, 4.775205194950104, 7.646008551120758, 0, 0.9097716808319092, 2.733011782169342, 0.9189702868461609, 76.89647167921066, 0, 23.615376234054565, 289.9146208167076, 0, 85.25175446271896, 254.8706728219986], "segments": [[98, 461], [594, 670], [818, 915], [1070, 1166], [1222, 1290], [1398, 1472], [1616, 1716], [1750, 1835], [1946, 2012], [2060, 2134], [2153, 2153], [2155, 2167], [2176, 2180], [2658, 2659], [2661, 2866], [2868, 2869], [2872, 2875], [2877, 2882], [2884, 2892], [2922, 2922], [2934, 2935], [2937, 2940], [2951, 2952], [3076, 3153], [3224, 3224], [3226, 3250], [3252, 3542], [3552, 3552], [3557, 3643], [3700, 3955]]}, "ICC WT20/ICC WT20 South Africa vs West Indies - Match Highlights.avi": {"scores": [118.93580460548401, 21.838375449180603, 72.52053022384644, 241.74640613794327, 1.8220009207725525, 125.95492362976074, 184.84695798158646, 3.791054427623749, 98.88580983877182, 54.92861729860306, 124.93555641174316, 57.905178010463715, 3.8971508741378784, 62.94109886884689, 143.9244166612625, 89.953961789608, 130.94689440727234, 111.52496284246445, 3.8074450492858887, 1.9541832208633423, 98.93157076835632, 213.95176255702972, 131.1218158006668, 250.66456305980682, 0, 35.56625539064407], "segments": [[98, 217], [219, 241], [251, 324], [434, 676], [680, 682], [696, 822], [885, 1070], [1072, 1076], [1182, 1281], [1388, 1443], [1563, 1688], [1771, 1829], [1878, 1882], [2084, 2147], [2266, 2410], [2446, 2536], [2770, 2901], [2911, 3023], [3028, 3032], [3058, 3060], [3199, 3298], [3384, 3598], [3677, 3809], [3850, 4101], [4152, 4152], [4154, 4190]]}, "ICC WT20/ICC WT20 Sri Lanka v Afghanistan Cricket Match Highlights.avi": {"scores": [135.90650248527527, 1.9283412098884583, 3.7509255409240723, 6.6318647265434265, 81.92377251386642, 91.37118136882782, 0.9005784392356873, 80.98281908035278, 483.70464062690735, 7.8399293422698975, 138.9273624420166, 419.6598854660988, 0, 0, 52.12024837732315, 218.4881912469864, 105.93520492315292, 0.9651321172714233, 0, 117.80011886358261, 125.80010885000229, 2.7978551387786865, 54.77034509181976, 1.8942886590957642, 74.57266503572464, 126.89554119110107, 398.458245575428, 2.9287830591201782], "segments": [[77, 213], [233, 235], [237, 241], [246, 253], [309, 391], [453, 545], [549, 550], [628, 709], [724, 1208], [1263, 1271], [1295, 1434], [1557, 1977], [2005, 2005], [2009, 2009], [2038, 2091], [2287, 2506], [2512, 2618], [2635, 2636], [2670, 2670], [2711, 2829], [2870, 2996], [3000, 3003], [3030, 3085], [3095, 3097], [3127, 3203], [3397, 3524], [3795, 4194], [4196, 4199]]}, "ICC WT20/ICC WT20 West Indies v India - Semi-Final Highlights.avi": {"scores": [122.93250405788422, 137.6318529844284, 78.87610417604446, 216.92899191379547, 276.51505160331726, 112.85457909107208, 128.72320795059204, 77.91021746397018, 126.7687206864357, 232.6349385380745, 282.72592455148697, 306.5363339781761, 165.01390916109085, 71.87677544355392, 8.71241945028305, 30.5433229804039, 98.83667635917664, 1.9180848598480225, 132.85782623291016, 268.81513422727585, 140.89389503002167, 4.805886924266815, 0, 155.84164595603943], "segments": [[48, 171], [201, 339], [342, 421], [561, 778], [826, 1103], [1359, 1472], [1492, 1621], [1973, 2051], [2140, 2267], [2305, 2538], [2714, 2997], [3040, 3347], [3442, 3608], [3669, 3741], [3759, 3768], [3780, 3811], [3850, 3949], [4024, 4026], [4038, 4171], [4198, 4467], [4629, 4770], [4774, 4779], [4781, 4781], [4802, 4958]]}}