{"ICC WT20/ICC WT20 South Africa vs West Indies - Match Highlights.avi": {"scores": [117.8624416589737, 10.63216233253479, 255.80690217018127, 125.82622140645981, 182.92205500602722, 99.7181858420372, 58.891438484191895, 122.92402994632721, 0.9007488489151001, 4.831965148448944, 110.94561284780502, 61.972390592098236, 118.96890372037888, 88.96425622701645, 254.4594202041626, 16.667079865932465, 97.96824771165848, 204.8744576573372, 128.89852970838547, 171.68781179189682, 162.0783113837242], "segments": [[98, 216], [373, 384], [429, 685], [689, 815], [885, 1068], [1178, 1278], [1386, 1445], [1563, 1686], [1748, 1749], [1754, 1759], [1771, 1882], [2084, 2146], [2266, 2385], [2446, 2535], [2770, 3025], [3052, 3069], [3199, 3297], [3385, 3590], [3680, 3809], [3850, 4022], [4026, 4189]]}, "ICC WT20/ICC WT20 Sri Lanka v Afghanistan Cricket Match Highlights.avi": {"scores": [144.7463675737381, 3.912066340446472, 80.43354797363281, 81.98756921291351, 80.94410675764084, 420.9395166039467, 137.95693159103394, 495.6340172290802, 333.88332533836365, 13.645080804824829, 67.95605432987213, 139.96669608354568, 110.93754750490189, 42.23211908340454, 4.812485158443451, 128.94973373413086, 0.9488367438316345, 391.8946369290352], "segments": [[78, 223], [229, 233], [308, 389], [453, 535], [627, 708], [786, 1207], [1295, 1433], [1556, 2052], [2287, 2621], [2651, 2665], [2709, 2777], [2870, 3010], [3032, 3143], [3277, 3321], [3326, 3331], [3395, 3524], [3757, 3758], [3794, 4186]]}, "ICC WT20/ICC WT20 South Africa v Sri Lanka - Match Highlights.avi": {"scores": [119.95054829120636, 224.9330358505249, 76.95365887880325, 95.91741585731506, 99.90405237674713, 67.96925985813141, 75.97276037931442, 45.82051467895508, 77.96826982498169, 83.89748620986938, 66.97080194950104, 69.95469009876251, 7.805038332939148, 213.9258552789688, 14.404860079288483, 48.51802772283554, 78.97411459684372, 391.6168937087059, 249.95878571271896], "segments": [[98, 218], [236, 461], [591, 668], [815, 911], [1066, 1166], [1221, 1289], [1398, 1474], [1538, 1584], [1616, 1694], [1750, 1834], [1944, 2011], [2060, 2130], [2230, 2238], [2647, 2861], [2868, 2883], [2903, 2952], [3076, 3155], [3252, 3644], [3700, 3950]]}, "ICC WT20/ICC WT20 Scotland vs Zimbabwe Highlights.avi": {"scores": [98.97002166509628, 152.97605496644974, 1.9043743014335632, 357.9359461069107, 2.8637396693229675, 100.98362624645233, 154.98506426811218, 108.98437577486038, 251.9571897983551, 107.8788913488388, 67.85098046064377, 80.96143501996994, 100.90990501642227, 115.92109817266464, 11.738574862480164, 88.97865390777588, 252.77530312538147, 52.98346024751663, 247.90697115659714, 167.9116787314415, 78.9739699959755], "segments": [[98, 197], [293, 446], [479, 481], [483, 841], [917, 920], [922, 1023], [1139, 1294], [1330, 1439], [1528, 1780], [1829, 1937], [2195, 2263], [2382, 2463], [2547, 2648], [2701, 2817], [2864, 2876], [2945, 3034], [3081, 3334], [3369, 3422], [3483, 3731], [3792, 3960], [4023, 4102]]}, "ICC WT20/ICC WT20 West Indies v India - Semi-Final Highlights.avi": {"scores": [120.92262208461761, 116.93209129571915, 79.97934150695801, 219.96253943443298, 323.80877846479416, 2.774749279022217, 0.9342464208602905, 2.878884971141815, 163.8167878985405, 130.9767878651619, 37.718494176864624, 83.80792570114136, 132.90474516153336, 296.79709845781326, 0, 254.95467990636826, 269.9385355114937, 92.81259495019913, 62.509610414505005, 0.937384307384491, 105.88881927728653, 166.95361077785492, 2.8162858486175537, 136.86304080486298, 354.83964443206787, 151.94519573450089, 146.9403681755066], "segments": [[47, 168], [199, 316], [341, 421], [558, 778], [826, 1150], [1174, 1177], [1181, 1182], [1186, 1189], [1320, 1484], [1491, 1622], [1926, 1964], [1967, 2051], [2133, 2266], [2305, 2602], [2712, 2712], [2722, 2977], [3039, 3309], [3442, 3536], [3544, 3607], [3665, 3666], [3669, 3775], [3781, 3948], [4022, 4025], [4033, 4170], [4198, 4553], [4629, 4781], [4801, 4948]]}}