{"ICC WT20/ICC WT20 Ireland v Oman Match Highlights.avi": {"scores": [273.8735648393631, 130.79247045516968, 79.98788386583328, 168.8646358847618, 84.95930325984955, 133.94406634569168, 78.98535150289536, 207.4030221104622, 281.5594538450241, 75.99042749404907, 73.88168960809708, 117.96292513608932, 225.76341301202774, 77.9682275056839, 133.75388836860657, 88.98466974496841, 118.88196361064911, 86.97843843698502, 170.97272902727127, 59.178838431835175], "segments": [[88, 362], [427, 558], [560, 640], [789, 958], [1008, 1093], [1211, 1345], [1347, 1426], [1606, 1814], [2292, 2574], [2579, 2655], [2892, 2966], [3072, 3190], [3248, 3474], [3478, 3556], [3666, 3800], [3802, 3891], [3960, 4080], [4196, 4283], [4357, 4528], [4698, 4758]]}, "ICC WT20/ICC WT20 Ireland vs Oman Highlights.avi": {"scores": [449.8686688542366, 292.9745940566063, 388.8465161919594, 292.8986893892288, 82.99275720119476, 399.5056102871895, 176.83109319210052, 84.95229762792587, 130.94126731157303, 221.9561868906021, 314.46713548898697], "segments": [[98, 548], [553, 846], [902, 1291], [1443, 1736], [1738, 1821], [2076, 2476], [2483, 2660], [2773, 2858], [3062, 3193], [3249, 3471], [3677, 3992]]}, "ICC WT20/ICC WT20 Scotland vs Afghanistan Highlights.avi": {"scores": [292.9043490886688, 403.90565675497055, 184.9794409275055, 168.94183313846588, 92.87786030769348, 92.91779273748398, 68.79800623655319, 217.06306767463684, 175.88164162635803, 147.98435938358307, 144.98544150590897, 89.97471016645432, 187.62688118219376, 327.86443054676056, 132.98278433084488, 131.95537036657333], "segments": [[57, 350], [393, 797], [912, 1097], [1141, 1310], [1362, 1455], [1509, 1602], [1666, 1735], [1770, 1988], [2120, 2296], [2631, 2779], [2795, 2940], [2980, 3070], [3155, 3343], [3526, 3854], [3872, 4005], [4037, 4169]]}, "ICC WT20/ICC WT20 Netherlands vs Ireland Match Highlights.avi": {"scores": [210.94658589363098, 307.8319662809372, 138.71516287326813, 130.88404893875122, 527.6813769340515, 430.91971904039383, 117.79138267040253, 316.8921201825142, 311.92425614595413, 181.68232423067093, 164.69227266311646, 112.95862865447998, 190.90490972995758, 73.9956865310669, 61.97920209169388], "segments": [[98, 309], [311, 619], [638, 777], [779, 910], [939, 1467], [1504, 1935], [2346, 2464], [2476, 2793], [2850, 3162], [3184, 3366], [3415, 3580], [3677, 3790], [3835, 4026], [4028, 4102], [4205, 4267]]}, "ICC WT20/ICC WT20 New Zealand vs Pakistan - Match Highlights.avi": {"scores": [554.9565522074699, 127.90821951627731, 207.78667676448822, 85.96413975954056, 168.94140738248825, 221.93253409862518, 142.81324404478073, 170.97708708047867, 115.73315846920013, 427.7407715320587, 177.94329869747162, 138.939230799675, 280.82784754037857, 367.815147459507], "segments": [[98, 654], [751, 879], [922, 1130], [1281, 1367], [1428, 1597], [1636, 1858], [1947, 2090], [2092, 2263], [2526, 2642], [2644, 3072], [3086, 3264], [3296, 3435], [3487, 3768], [3810, 4178]]}}